{
    "avg_prec": 0.5012913122223969,
    "roc_auc": 0.907944116902931
}